{"cameraMode":{"drawMode":0,"name":"Shaded","section":"Shading Mode"},"sceneLighting":true,"audioPlay":false,"sceneViewState":{"showFog":true,"showMaterialUpdate":false,"showSkybox":true,"showFlares":true,"showImageEffects":true,"showParticleSystems":true},"in2DMode":false,"pivot":{"x":6.887764930725098,"y":-2.710063934326172,"z":2.7121856212615969},"rotation":{"x":-0.23603644967079163,"y":-0.5663112998008728,"z":0.17351263761520387,"w":-0.7703763842582703},"size":10.0,"orthographic":false}